{"current_program_scene":"Intro","current_scene":"Intro","current_transition":"Move","groups":[{"balance":0.5,"deinterlace_field_order":0,"deinterlace_mode":0,"enabled":true,"flags":0,"hotkeys":{"libobs.hide_scene_item.Bottom bar gradient":[],"libobs.hide_scene_item.Speaker Name":[],"libobs.hide_scene_item.Speaker Title":[],"libobs.show_scene_item.Bottom bar gradient":[],"libobs.show_scene_item.Speaker Name":[],"libobs.show_scene_item.Speaker Title":[]},"id":"group","mixers":0,"monitoring_type":0,"muted":false,"name":"Speaker bar","prev_ver":486539264,"private_settings":{},"push-to-mute":false,"push-to-mute-delay":0,"push-to-talk":false,"push-to-talk-delay":0,"settings":{"custom_size":true,"cx":1920,"cy":1080,"id_counter":0,"items":[{"align":5,"blend_method":"default","blend_type":"normal","bounds":{"x":0.0,"y":0.0},"bounds_align":0,"bounds_type":0,"crop_bottom":0,"crop_left":0,"crop_right":0,"crop_top":0,"group_item_backup":false,"hide_transition":{"duration":0},"id":14,"locked":false,"name":"Bottom bar gradient","pos":{"x":0.0,"y":0.0},"private_settings":{},"rot":0.0,"scale":{"x":1.0,"y":1.0},"scale_filter":"disable","show_transition":{"duration":0},"visible":true},{"align":5,"blend_method":"default","blend_type":"normal","bounds":{"x":1.0,"y":1.0},"bounds_align":0,"bounds_type":0,"crop_bottom":0,"crop_left":0,"crop_right":0,"crop_top":0,"group_item_backup":false,"hide_transition":{"duration":0},"id":5,"locked":false,"name":"Speaker Title","pos":{"x":74.0,"y":1012.0},"private_settings":{},"rot":0.0,"scale":{"x":0.12275025993585587,"y":0.12203390151262283},"scale_filter":"disable","show_transition":{"duration":1500},"visible":true},{"align":5,"blend_method":"default","blend_type":"normal","bounds":{"x":1.0,"y":1.0},"bounds_align":0,"bounds_type":0,"crop_bottom":0,"crop_left":0,"crop_right":0,"crop_top":0,"group_item_backup":false,"hide_transition":{"duration":1500},"id":13,"locked":false,"name":"Speaker Name","pos":{"x":73.0,"y":930.0},"private_settings":{},"rot":0.0,"scale":{},"scale_filter":"disable","show_transition":{"duration":1500},"visible":true}]},"sync":0,"versioned_id":"group","volume":1.0}],"modules":{"auto-scene-switcher":{"active":false,"interval":300,"non_matching_scene":"","switch_if_not_matching":false,"switches":[]},"output-timer":{"autoStartRecordTimer":false,"autoStartStreamTimer":false,"pauseRecordTimer":true,"recordTimerHours":0,"recordTimerMinutes":0,"recordTimerSeconds":30,"streamTimerHours":0,"streamTimerMinutes":0,"streamTimerSeconds":30},"scripts-tool":[],"transition-table":{"dialog_height":303,"dialog_width":619,"disable_hotkey":[],"enable_hotkey":[],"transitions":[{"duration":800,"from_scene":"Any","to_scene":"Blank","transition":"Fade"},{"duration":1200,"from_scene":"Any","to_scene":"Hymns","transition":"Fade"},{"duration":500,"from_scene":"Any","to_scene":"Intro","transition":"Fade"},{"duration":800,"from_scene":"Any","to_scene":"Stream paused","transition":"Fade"},{"duration":800,"from_scene":"Any","to_scene":"Thank you","transition":"Fade"},{"duration":1000,"from_scene":"Camera","to_scene":"Intro","transition":"Move"},{"duration":1200,"from_scene":"Hymns","to_scene":"Any","transition":"Fade"},{"duration":2500,"from_scene":"Intro","to_scene":"Camera","transition":"Move"},{"duration":1000,"from_scene":"Stream paused","to_scene":"Camera","transition":"Fade"}]}},"name":"Church Setup","preview_locked":false,"quick_transitions":[{"duration":300,"fade_to_black":false,"hotkeys":[],"id":1,"name":"Cut"},{"duration":300,"fade_to_black":true,"hotkeys":[],"id":3,"name":"Fade"}],"saved_projectors":[],"scaling_enabled":false,"scaling_level":0,"scaling_off_x":0.0,"scaling_off_y":0.0,"scene_order":[{"name":"Intro"},{"name":"Camera"},{"name":"Hymns"},{"name":"Stream paused"},{"name":"Thank you"},{"name":"Blank"}],"sources":[{"balance":0.5,"deinterlace_field_order":0,"deinterlace_mode":0,"enabled":true,"filters":[{"balance":0.5,"deinterlace_field_order":0,"deinterlace_mode":0,"enabled":true,"flags":0,"hotkeys":{},"id":"chroma_key_filter","mixers":0,"monitoring_type":0,"muted":false,"name":"Chroma Key","prev_ver":486539264,"private_settings":{},"push-to-mute":false,"push-to-mute-delay":0,"push-to-talk":false,"push-to-talk-delay":0,"settings":{},"sync":0,"versioned_id":"chroma_key_filter_v2","volume":1.0}],"flags":0,"hotkeys":{},"id":"image_source","mixers":0,"monitoring_type":0,"muted":false,"name":"Intro image","prev_ver":486539264,"private_settings":{},"push-to-mute":false,"push-to-mute-delay":0,"push-to-talk":false,"push-to-talk-delay":0,"settings":{"file":"/Users/unprivileged/Desktop/streamStuff/intro.png"},"sync":0,"versioned_id":"image_source","volume":1.0},{"balance":0.5,"deinterlace_field_order":0,"deinterlace_mode":0,"enabled":true,"flags":0,"hotkeys":{},"id":"gradient_source","mixers":0,"monitoring_type":0,"muted":false,"name":"Black bar gradient","prev_ver":486539264,"private_settings":{},"push-to-mute":false,"push-to-mute-delay":0,"push-to-talk":false,"push-to-talk-delay":0,"settings":{"from_color":4278190080,"from_opacity":0.0,"midpoint_1":33.0,"to_opacity_1":91.0},"sync":0,"versioned_id":"gradient_source","volume":1.0},{"balance":0.5,"deinterlace_field_order":0,"deinterlace_mode":0,"enabled":true,"flags":0,"hotkeys":{},"id":"image_source","mixers":0,"monitoring_type":0,"muted":false,"name":"Thank you image","prev_ver":486539264,"private_settings":{},"push-to-mute":false,"push-to-mute-delay":0,"push-to-talk":false,"push-to-talk-delay":0,"settings":{"file":"/Users/unprivileged/Desktop/streamStuff/Thanks for worshipping.png"},"sync":0,"versioned_id":"image_source","volume":1.0},{"balance":0.5,"deinterlace_field_order":0,"deinterlace_mode":0,"enabled":true,"flags":0,"hotkeys":{"OBSBasic.SelectScene":[],"libobs.hide_scene_item.Prelude music input":[],"libobs.hide_scene_item.Thank you image":[],"libobs.show_scene_item.Prelude music input":[],"libobs.show_scene_item.Thank you image":[]},"id":"scene","mixers":0,"monitoring_type":0,"muted":false,"name":"Thank you","prev_ver":486539264,"private_settings":{"transition":"Fade","transition_duration":800},"push-to-mute":false,"push-to-mute-delay":0,"push-to-talk":false,"push-to-talk-delay":0,"settings":{"custom_size":false,"id_counter":2,"items":[{"align":5,"blend_method":"default","blend_type":"normal","bounds":{"x":0.0,"y":0.0},"bounds_align":0,"bounds_type":0,"crop_bottom":0,"crop_left":0,"crop_right":0,"crop_top":0,"group_item_backup":false,"hide_transition":{"duration":0},"id":1,"locked":false,"name":"Thank you image","pos":{"x":0.0,"y":0.0},"private_settings":{},"rot":0.0,"scale":{"x":0.58116292953491211,"y":0.58127015829086304},"scale_filter":"disable","show_transition":{"duration":0},"visible":true},{"align":5,"blend_method":"default","blend_type":"normal","bounds":{"x":0.0,"y":0.0},"bounds_align":0,"bounds_type":0,"crop_bottom":0,"crop_left":0,"crop_right":0,"crop_top":0,"group_item_backup":false,"hide_transition":{"duration":0},"id":2,"locked":false,"name":"Prelude music input","pos":{"x":0.0,"y":0.0},"private_settings":{},"rot":0.0,"scale":{"x":1.0,"y":1.0},"scale_filter":"disable","show_transition":{"duration":0},"visible":true}]},"sync":0,"versioned_id":"scene","volume":1.0},{"balance":0.5,"deinterlace_field_order":0,"deinterlace_mode":0,"enabled":true,"filters":[{"balance":0.5,"deinterlace_field_order":0,"deinterlace_mode":0,"enabled":true,"flags":0,"hotkeys":{},"id":"compressor_filter","mixers":255,"monitoring_type":0,"muted":false,"name":"Compressor","prev_ver":486539264,"private_settings":{},"push-to-mute":false,"push-to-mute-delay":0,"push-to-talk":false,"push-to-talk-delay":0,"settings":{"ratio":4.0,"threshold":-20.100000000000001},"sync":0,"versioned_id":"compressor_filter","volume":1.0}],"flags":2,"hotkeys":{"libobs.mute":[],"libobs.push-to-mute":[],"libobs.push-to-talk":[],"libobs.unmute":[]},"id":"coreaudio_input_capture","mixers":255,"monitoring_type":0,"muted":false,"name":"Church audio input","prev_ver":486539264,"private_settings":{},"push-to-mute":false,"push-to-mute-delay":0,"push-to-talk":false,"push-to-talk-delay":0,"settings":{"device_id":"AppleUSBAudioEngine:Focusrite:Scarlett 2i2 USB:Y8944D3089943A:1,2"},"sync":0,"versioned_id":"coreaudio_input_capture","volume":1.0},{"balance":0.5,"deinterlace_field_order":0,"deinterlace_mode":0,"enabled":true,"flags":0,"hotkeys":{"libobs.mute":[],"libobs.push-to-mute":[],"libobs.push-to-talk":[],"libobs.unmute":[]},"id":"av_capture_input","mixers":0,"monitoring_type":0,"muted":false,"name":"Camera input","prev_ver":486539264,"private_settings":{},"push-to-mute":false,"push-to-mute-delay":0,"push-to-talk":false,"push-to-talk-delay":0,"settings":{"device":"47B4B64B-7067-4B9C-AD2B-AE273A71F4B5","device_name":"FaceTime HD Camera","frame_rate":{"denominator":1000000,"numerator":60000240},"inputKind":"av_capture_input","inputSettings":{"device":"47B4B64B-7067-4B9C-AD2B-AE273A71F4B5","device_name":"FaceTime HD Camera","frame_rate":{"denominator":1000000,"numerator":60000240},"inputKind":"av_capture_input","inputSettings":{"device":"47B4B64B-7067-4B9C-AD2B-AE273A71F4B5","device_name":"FaceTime HD Camera","frame_rate":{"denominator":1000000,"numerator":60000240},"preset":"AVCaptureSessionPreset1920x1080","resolution":"{}","undo_sname":"Camera input","use_preset":true},"preset":"AVCaptureSessionPreset1920x1080","resolution":"{}","undo_sname":"Camera input","use_preset":true},"preset":"AVCaptureSessionPreset1920x1080","resolution":"{}","undo_sname":"Camera input","use_preset":true},"sync":0,"versioned_id":"av_capture_input","volume":1.0},{"balance":0.5,"deinterlace_field_order":0,"deinterlace_mode":0,"enabled":true,"flags":0,"hotkeys":{"OBSBasic.SelectScene":[],"libobs.hide_scene_item.Background":[],"libobs.hide_scene_item.Camera input":[],"libobs.hide_scene_item.Church audio input":[],"libobs.hide_scene_item.Speaker bar":[],"libobs.show_scene_item.Background":[],"libobs.show_scene_item.Camera input":[],"libobs.show_scene_item.Church audio input":[],"libobs.show_scene_item.Speaker bar":[]},"id":"scene","mixers":0,"monitoring_type":0,"muted":false,"name":"Camera","prev_ver":486539264,"private_settings":{"transition":"Move","transition_duration":2500},"push-to-mute":false,"push-to-mute-delay":0,"push-to-talk":false,"push-to-talk-delay":0,"settings":{"custom_size":false,"id_counter":15,"items":[{"align":5,"blend_method":"default","blend_type":"normal","bounds":{"x":0.0,"y":0.0},"bounds_align":0,"bounds_type":0,"crop_bottom":0,"crop_left":0,"crop_right":0,"crop_top":0,"group_item_backup":false,"hide_transition":{"duration":0},"id":7,"locked":false,"name":"Church audio input","pos":{"x":0.0,"y":0.0},"private_settings":{},"rot":0.0,"scale":{"x":1.0,"y":1.0},"scale_filter":"disable","show_transition":{"duration":0},"visible":true},{"align":5,"blend_method":"default","blend_type":"normal","bounds":{"x":0.0,"y":0.0},"bounds_align":0,"bounds_type":0,"crop_bottom":0,"crop_left":0,"crop_right":0,"crop_top":0,"group_item_backup":false,"hide_transition":{"duration":0},"id":12,"locked":false,"name":"Background","pos":{"x":0.0,"y":-360.0},"private_settings":{},"rot":0.0,"scale":{"x":2.0,"y":2.0},"scale_filter":"disable","show_transition":{"duration":0},"visible":true},{"align":5,"blend_method":"default","blend_type":"normal","bounds":{"x":0.0,"y":0.0},"bounds_align":0,"bounds_type":0,"crop_bottom":0,"crop_left":0,"crop_right":0,"crop_top":0,"group_item_backup":false,"hide_transition":{"duration":0},"id":1,"locked":false,"name":"Camera input","pos":{"x":-6.0,"y":0.0},"private_settings":{},"rot":0.0,"scale":{"x":1.0062500238418579,"y":1.0064815282821655},"scale_filter":"disable","show_transition":{"duration":0},"visible":true},{"align":5,"blend_method":"default","blend_type":"normal","bounds":{"x":0.0,"y":0.0},"bounds_align":0,"bounds_type":0,"crop_bottom":0,"crop_left":0,"crop_right":0,"crop_top":0,"group_item_backup":true,"hide_transition":{"duration":0},"id":14,"locked":false,"name":"Bottom bar gradient","pos":{"x":0.0,"y":0.0},"private_settings":{},"rot":0.0,"scale":{"x":1.0,"y":1.0},"scale_filter":"disable","show_transition":{"duration":0},"visible":true},{"align":5,"blend_method":"default","blend_type":"normal","bounds":{"x":1.0,"y":1.0},"bounds_align":0,"bounds_type":0,"crop_bottom":0,"crop_left":0,"crop_right":0,"crop_top":0,"group_item_backup":true,"hide_transition":{"duration":0},"id":5,"locked":false,"name":"Speaker Title","pos":{"x":74.0,"y":1012.0},"private_settings":{},"rot":0.0,"scale":{"x":0.12275025993585587,"y":0.12203390151262283},"scale_filter":"disable","show_transition":{"duration":1500},"visible":true},{"align":5,"blend_method":"default","blend_type":"normal","bounds":{"x":1.0,"y":1.0},"bounds_align":0,"bounds_type":0,"crop_bottom":0,"crop_left":0,"crop_right":0,"crop_top":0,"group_item_backup":true,"hide_transition":{"duration":1500},"id":13,"locked":false,"name":"Speaker Name","pos":{"x":73.0,"y":930.0},"private_settings":{},"rot":0.0,"scale":{"x":0.0,"y":0.0},"scale_filter":"disable","show_transition":{"duration":1500},"visible":true},{"align":5,"blend_method":"default","blend_type":"normal","bounds":{"x":0.0,"y":0.0},"bounds_align":0,"bounds_type":0,"crop_bottom":0,"crop_left":0,"crop_right":0,"crop_top":0,"group_item_backup":false,"hide_transition":{"duration":600,"id":"fade_transition","name":"Speaker bar Hide Transition","transition":{},"versioned_id":"fade_transition"},"id":15,"locked":false,"name":"Speaker bar","pos":{"x":0.0,"y":0.0},"private_settings":{"collapsed":false},"rot":0.0,"scale":{"x":1.0,"y":1.0},"scale_filter":"disable","show_transition":{"duration":600,"id":"fade_transition","name":"Speaker bar Show Transition","transition":{},"versioned_id":"fade_transition"},"visible":false}]},"sync":0,"versioned_id":"scene","volume":1.0},{"balance":0.5,"deinterlace_field_order":0,"deinterlace_mode":0,"enabled":true,"filters":[{"balance":0.5,"deinterlace_field_order":0,"deinterlace_mode":0,"enabled":true,"flags":0,"hotkeys":{},"id":"move_transition_override_filter","mixers":0,"monitoring_type":0,"muted":false,"name":"Move transition override","prev_ver":486539264,"private_settings":{},"push-to-mute":false,"push-to-mute-delay":0,"push-to-talk":false,"push-to-talk-delay":0,"settings":{},"sync":0,"versioned_id":"move_transition_override_filter","volume":1.0}],"flags":0,"hotkeys":{},"id":"text_ft2_source","mixers":0,"monitoring_type":0,"muted":false,"name":"Speaker Title","prev_ver":486539264,"private_settings":{},"push-to-mute":false,"push-to-mute-delay":0,"push-to-talk":false,"push-to-talk-delay":0,"settings":{"antialiasing":true,"font":{"face":"Open Sans","flags":0,"size":256,"style":"Regular"},"inputKind":"text_ft2_source_v2","inputSettings":{"antialiasing":true,"font":{"face":"Open Sans","flags":0,"size":256,"style":"Regular"},"inputKind":"text_ft2_source_v2","inputSettings":{"antialiasing":true,"font":{"face":"Open Sans","flags":0,"size":256,"style":"Regular"},"text":"Bishop, Blacksburg Ward"},"text":"Bishop, Blacksburg Ward"},"text":"Bishop, Blacksburg Ward"},"sync":0,"versioned_id":"text_ft2_source_v2","volume":1.0},{"balance":0.5,"deinterlace_field_order":0,"deinterlace_mode":0,"enabled":true,"filters":[{"balance":0.5,"deinterlace_field_order":0,"deinterlace_mode":0,"enabled":true,"flags":0,"hotkeys":{},"id":"chroma_key_filter","mixers":0,"monitoring_type":0,"muted":false,"name":"Chroma Key","prev_ver":486539264,"private_settings":{},"push-to-mute":false,"push-to-mute-delay":0,"push-to-talk":false,"push-to-talk-delay":0,"settings":{},"sync":0,"versioned_id":"chroma_key_filter_v2","volume":1.0}],"flags":0,"hotkeys":{},"id":"image_source","mixers":0,"monitoring_type":0,"muted":false,"name":"Background","prev_ver":486539264,"private_settings":{},"push-to-mute":false,"push-to-mute-delay":0,"push-to-talk":false,"push-to-talk-delay":0,"settings":{"file":"/Users/unprivileged/Desktop/streamStuff/blurred_chapel1.jpg"},"sync":0,"versioned_id":"image_source","volume":1.0},{"balance":0.5,"deinterlace_field_order":0,"deinterlace_mode":0,"enabled":true,"flags":0,"hotkeys":{"OBSBasic.SelectScene":[],"libobs.hide_scene_item.Background":[],"libobs.hide_scene_item.Camera input":[],"libobs.hide_scene_item.Church audio input":[],"libobs.hide_scene_item.Intro image":[],"libobs.show_scene_item.Background":[],"libobs.show_scene_item.Camera input":[],"libobs.show_scene_item.Church audio input":[],"libobs.show_scene_item.Intro image":[]},"id":"scene","mixers":0,"monitoring_type":0,"muted":false,"name":"Intro","prev_ver":486539264,"private_settings":{"transition":"Fade","transition_duration":500},"push-to-mute":false,"push-to-mute-delay":0,"push-to-talk":false,"push-to-talk-delay":0,"settings":{"custom_size":false,"id_counter":14,"items":[{"align":5,"blend_method":"default","blend_type":"normal","bounds":{"x":0.0,"y":0.0},"bounds_align":0,"bounds_type":0,"crop_bottom":0,"crop_left":0,"crop_right":0,"crop_top":0,"group_item_backup":false,"hide_transition":{"duration":0},"id":11,"locked":false,"name":"Background","pos":{"x":0.0,"y":-360.0},"private_settings":{},"rot":0.0,"scale":{"x":2.0,"y":2.0},"scale_filter":"disable","show_transition":{"duration":0},"visible":true},{"align":5,"blend_method":"default","blend_type":"normal","bounds":{"x":0.0,"y":0.0},"bounds_align":0,"bounds_type":0,"crop_bottom":0,"crop_left":0,"crop_right":0,"crop_top":0,"group_item_backup":false,"hide_transition":{"duration":0},"id":2,"locked":false,"name":"Camera input","pos":{"x":819.0,"y":444.0},"private_settings":{},"rot":0.0,"scale":{"x":0.55624997615814209,"y":0.55648148059844971},"scale_filter":"disable","show_transition":{"duration":0},"visible":true},{"align":5,"blend_method":"default","blend_type":"normal","bounds":{"x":0.0,"y":0.0},"bounds_align":0,"bounds_type":0,"crop_bottom":0,"crop_left":0,"crop_right":0,"crop_top":0,"group_item_backup":false,"hide_transition":{"duration":0},"id":7,"locked":false,"name":"Church audio input","pos":{"x":0.0,"y":0.0},"private_settings":{},"rot":0.0,"scale":{"x":1.0,"y":1.0},"scale_filter":"disable","show_transition":{"duration":0},"visible":true},{"align":5,"blend_method":"default","blend_type":"normal","bounds":{"x":0.0,"y":0.0},"bounds_align":0,"bounds_type":0,"crop_bottom":0,"crop_left":0,"crop_right":0,"crop_top":0,"group_item_backup":false,"hide_transition":{"duration":0},"id":14,"locked":false,"name":"Intro image","pos":{"x":-21.0,"y":0.0},"private_settings":{},"rot":0.0,"scale":{"x":0.6539757251739502,"y":0.65417170524597168},"scale_filter":"disable","show_transition":{"duration":0},"visible":true}]},"sync":0,"versioned_id":"scene","volume":1.0},{"balance":0.5,"deinterlace_field_order":0,"deinterlace_mode":0,"enabled":true,"flags":0,"hotkeys":{"OBSBasic.SelectScene":[],"libobs.hide_scene_item.Black screen":[],"libobs.hide_scene_item.Church audio input":[],"libobs.show_scene_item.Black screen":[],"libobs.show_scene_item.Church audio input":[]},"id":"scene","mixers":0,"monitoring_type":0,"muted":false,"name":"Blank","prev_ver":486539264,"private_settings":{"transition":"Fade","transition_duration":800},"push-to-mute":false,"push-to-mute-delay":0,"push-to-talk":false,"push-to-talk-delay":0,"settings":{"custom_size":false,"id_counter":2,"items":[{"align":5,"blend_method":"default","blend_type":"normal","bounds":{"x":0.0,"y":0.0},"bounds_align":0,"bounds_type":0,"crop_bottom":0,"crop_left":0,"crop_right":0,"crop_top":0,"group_item_backup":false,"hide_transition":{"duration":0},"id":1,"locked":false,"name":"Church audio input","pos":{"x":0.0,"y":0.0},"private_settings":{},"rot":0.0,"scale":{"x":1.0,"y":1.0},"scale_filter":"disable","show_transition":{"duration":0},"visible":false},{"align":5,"blend_method":"default","blend_type":"normal","bounds":{"x":0.0,"y":0.0},"bounds_align":0,"bounds_type":0,"crop_bottom":0,"crop_left":0,"crop_right":0,"crop_top":0,"group_item_backup":false,"hide_transition":{"duration":0},"id":2,"locked":false,"name":"Black screen","pos":{"x":0.0,"y":0.0},"private_settings":{},"rot":0.0,"scale":{"x":1.0,"y":1.0},"scale_filter":"disable","show_transition":{"duration":0},"visible":true}]},"sync":0,"versioned_id":"scene","volume":1.0},{"balance":0.5,"deinterlace_field_order":0,"deinterlace_mode":0,"enabled":true,"flags":0,"hotkeys":{"OBSBasic.SelectScene":[],"libobs.hide_scene_item.Prelude music input":[],"libobs.hide_scene_item.Resuming shortly":[],"libobs.hide_scene_item.Stream paused slide":[],"libobs.show_scene_item.Prelude music input":[],"libobs.show_scene_item.Resuming shortly":[],"libobs.show_scene_item.Stream paused slide":[]},"id":"scene","mixers":0,"monitoring_type":0,"muted":false,"name":"Stream paused","prev_ver":486539264,"private_settings":{"transition":"Fade","transition_duration":800},"push-to-mute":false,"push-to-mute-delay":0,"push-to-talk":false,"push-to-talk-delay":0,"settings":{"custom_size":false,"id_counter":3,"items":[{"align":5,"blend_method":"default","blend_type":"normal","bounds":{"x":0.0,"y":0.0},"bounds_align":0,"bounds_type":0,"crop_bottom":0,"crop_left":0,"crop_right":0,"crop_top":0,"group_item_backup":false,"hide_transition":{"duration":0},"id":1,"locked":false,"name":"Stream paused slide","pos":{"x":0.0,"y":0.0},"private_settings":{},"rot":0.0,"scale":{"x":1.5,"y":1.5006954669952393},"scale_filter":"disable","show_transition":{"duration":0},"visible":true},{"align":5,"blend_method":"default","blend_type":"normal","bounds":{"x":0.0,"y":0.0},"bounds_align":0,"bounds_type":0,"crop_bottom":0,"crop_left":0,"crop_right":0,"crop_top":0,"group_item_backup":false,"hide_transition":{"duration":0},"id":2,"locked":false,"name":"Prelude music input","pos":{"x":0.0,"y":0.0},"private_settings":{},"rot":0.0,"scale":{"x":1.0,"y":1.0},"scale_filter":"disable","show_transition":{"duration":0},"visible":true},{"align":5,"blend_method":"default","blend_type":"normal","bounds":{"x":0.0,"y":0.0},"bounds_align":0,"bounds_type":0,"crop_bottom":0,"crop_left":0,"crop_right":0,"crop_top":0,"group_item_backup":false,"hide_transition":{"duration":0},"id":3,"locked":false,"name":"Resuming shortly","pos":{"x":335.0,"y":785.0},"private_settings":{},"rot":0.0,"scale":{"x":0.32313907146453857,"y":0.32203391194343567},"scale_filter":"disable","show_transition":{"duration":0},"visible":false}]},"sync":0,"versioned_id":"scene","volume":1.0},{"balance":0.5,"deinterlace_field_order":0,"deinterlace_mode":0,"enabled":true,"flags":0,"hotkeys":{},"id":"image_source","mixers":0,"monitoring_type":0,"muted":false,"name":"Stream paused slide","prev_ver":486539264,"private_settings":{},"push-to-mute":false,"push-to-mute-delay":0,"push-to-talk":false,"push-to-talk-delay":0,"settings":{"file":"/Users/unprivileged/Desktop/streamStuff/Stream paused.png"},"sync":0,"versioned_id":"image_source","volume":1.0},{"balance":0.5,"deinterlace_field_order":0,"deinterlace_mode":0,"enabled":true,"flags":0,"hotkeys":{"libobs.mute":[],"libobs.push-to-mute":[],"libobs.push-to-talk":[],"libobs.unmute":[]},"id":"coreaudio_input_capture","mixers":255,"monitoring_type":0,"muted":false,"name":"Prelude music input","prev_ver":486539264,"private_settings":{},"push-to-mute":false,"push-to-mute-delay":0,"push-to-talk":false,"push-to-talk-delay":0,"settings":{"device_id":"com.rogueamoeba.Loopback:B02752DE-DD7F-45C9-88BC-714CEFAF0DFF"},"sync":0,"versioned_id":"coreaudio_input_capture","volume":1.0},{"balance":0.5,"deinterlace_field_order":0,"deinterlace_mode":0,"enabled":true,"flags":0,"hotkeys":{},"id":"text_ft2_source","mixers":0,"monitoring_type":0,"muted":false,"name":"Resuming shortly","prev_ver":486539264,"private_settings":{},"push-to-mute":false,"push-to-mute-delay":0,"push-to-talk":false,"push-to-talk-delay":0,"settings":{"color1":4288640517,"color2":4288640517,"font":{"face":"Arial","flags":0,"size":256,"style":"Regular"},"text":"The stream will resume shortly"},"sync":0,"versioned_id":"text_ft2_source_v2","volume":1.0},{"balance":0.5,"deinterlace_field_order":0,"deinterlace_mode":0,"enabled":true,"flags":0,"hotkeys":{"OBSBasic.SelectScene":[],"libobs.hide_scene_item.Background":[],"libobs.hide_scene_item.Black bar gradient":[],"libobs.hide_scene_item.Camera input":[],"libobs.hide_scene_item.Church audio input":[],"libobs.hide_scene_item.Hymn browser":[],"libobs.show_scene_item.Background":[],"libobs.show_scene_item.Black bar gradient":[],"libobs.show_scene_item.Camera input":[],"libobs.show_scene_item.Church audio input":[],"libobs.show_scene_item.Hymn browser":[]},"id":"scene","mixers":0,"monitoring_type":0,"muted":false,"name":"Hymns","prev_ver":486539264,"private_settings":{"transition":"Fade","transition_duration":1200},"push-to-mute":false,"push-to-mute-delay":0,"push-to-talk":false,"push-to-talk-delay":0,"settings":{"custom_size":false,"id_counter":10,"items":[{"align":5,"blend_method":"default","blend_type":"normal","bounds":{"x":0.0,"y":0.0},"bounds_align":0,"bounds_type":0,"crop_bottom":0,"crop_left":0,"crop_right":0,"crop_top":0,"group_item_backup":false,"hide_transition":{"duration":0},"id":1,"locked":false,"name":"Background","pos":{"x":0.0,"y":-360.0},"private_settings":{},"rot":0.0,"scale":{"x":2.0,"y":2.0},"scale_filter":"disable","show_transition":{"duration":0},"visible":true},{"align":5,"blend_method":"default","blend_type":"normal","bounds":{"x":0.0,"y":0.0},"bounds_align":0,"bounds_type":0,"crop_bottom":0,"crop_left":0,"crop_right":0,"crop_top":0,"group_item_backup":false,"hide_transition":{"duration":0},"id":9,"locked":false,"name":"Black bar gradient","pos":{"x":0.0,"y":0.0},"private_settings":{},"rot":0.0,"scale":{"x":1.0,"y":1.0},"scale_filter":"disable","show_transition":{"duration":0},"visible":true},{"align":5,"blend_method":"default","blend_type":"normal","bounds":{"x":0.0,"y":0.0},"bounds_align":0,"bounds_type":0,"crop_bottom":0,"crop_left":0,"crop_right":0,"crop_top":0,"group_item_backup":false,"hide_transition":{"duration":0},"id":7,"locked":false,"name":"Camera input","pos":{"x":19.0,"y":296.5},"private_settings":{},"rot":0.0,"scale":{"x":0.45104166865348816,"y":0.45092591643333435},"scale_filter":"disable","show_transition":{"duration":0},"visible":true},{"align":5,"blend_method":"default","blend_type":"normal","bounds":{"x":0.0,"y":0.0},"bounds_align":0,"bounds_type":0,"crop_bottom":0,"crop_left":0,"crop_right":0,"crop_top":0,"group_item_backup":false,"hide_transition":{"duration":0},"id":6,"locked":false,"name":"Church audio input","pos":{"x":0.0,"y":0.0},"private_settings":{},"rot":0.0,"scale":{"x":1.0,"y":1.0},"scale_filter":"disable","show_transition":{"duration":0},"visible":true},{"align":5,"blend_method":"default","blend_type":"normal","bounds":{"x":0.0,"y":0.0},"bounds_align":0,"bounds_type":0,"crop_bottom":0,"crop_left":0,"crop_right":0,"crop_top":0,"group_item_backup":false,"hide_transition":{"duration":0},"id":10,"locked":false,"name":"Hymn browser","pos":{"x":0.0,"y":0.0},"private_settings":{},"rot":0.0,"scale":{"x":1.0,"y":1.0},"scale_filter":"disable","show_transition":{"duration":0},"visible":true}]},"sync":0,"versioned_id":"scene","volume":1.0},{"balance":0.5,"deinterlace_field_order":0,"deinterlace_mode":0,"enabled":true,"flags":0,"hotkeys":{},"id":"color_source","mixers":0,"monitoring_type":0,"muted":false,"name":"Black screen","prev_ver":486539264,"private_settings":{},"push-to-mute":false,"push-to-mute-delay":0,"push-to-talk":false,"push-to-talk-delay":0,"settings":{"color":4278190080},"sync":0,"versioned_id":"color_source_v3","volume":1.0},{"balance":0.5,"deinterlace_field_order":0,"deinterlace_mode":0,"enabled":true,"flags":0,"hotkeys":{},"id":"text_ft2_source","mixers":0,"monitoring_type":0,"muted":false,"name":"Speaker Name","prev_ver":486539264,"private_settings":{},"push-to-mute":false,"push-to-mute-delay":0,"push-to-talk":false,"push-to-talk-delay":0,"settings":{"antialiasing":false,"font":{"face":"Open Sans","flags":0,"size":40,"style":"Regular"},"text":"Test"},"sync":0,"versioned_id":"text_ft2_source_v2","volume":1.0},{"balance":0.5,"deinterlace_field_order":0,"deinterlace_mode":0,"enabled":true,"flags":0,"hotkeys":{},"id":"gradient_source","mixers":0,"monitoring_type":0,"muted":false,"name":"Bottom bar gradient","prev_ver":486539264,"private_settings":{},"push-to-mute":false,"push-to-mute-delay":0,"push-to-talk":false,"push-to-talk-delay":0,"settings":{"from_color":4278190080,"from_opacity":0.0,"height":1080,"midpoint_1":82.0,"rotation":0.0,"to_opacity_1":84.0},"sync":0,"versioned_id":"gradient_source","volume":1.0},{"balance":0.5,"deinterlace_field_order":0,"deinterlace_mode":0,"enabled":true,"filters":[{"balance":0.5,"deinterlace_field_order":0,"deinterlace_mode":0,"enabled":true,"flags":0,"hotkeys":{},"id":"chroma_key_filter","mixers":0,"monitoring_type":0,"muted":false,"name":"Chroma Key","prev_ver":486539264,"private_settings":{},"push-to-mute":false,"push-to-mute-delay":0,"push-to-talk":false,"push-to-talk-delay":0,"settings":{},"sync":0,"versioned_id":"chroma_key_filter_v2","volume":1.0}],"flags":0,"hotkeys":{"ObsBrowser.Refresh":[],"libobs.mute":[],"libobs.push-to-mute":[],"libobs.push-to-talk":[],"libobs.unmute":[]},"id":"browser_source","mixers":255,"monitoring_type":0,"muted":false,"name":"Hymn browser","prev_ver":486539264,"private_settings":{},"push-to-mute":false,"push-to-mute-delay":0,"push-to-talk":false,"push-to-talk-delay":0,"settings":{"css":"","height":1080,"url":"https://hymns.blacksburglds.com/100","width":1920},"sync":0,"versioned_id":"browser_source","volume":1.0}],"transition_duration":1500,"transitions":[{"id":"move_transition","name":"Move","settings":{"position_out":6,"transition_in":"None","transition_match":"None","transition_out":"None"}}],"virtual-camera":{"internal":0,"scene":"","source":"","type":0}}